{
  "ae_threshold": 0.0012027654429845737,
  "ae_train_val_err_mean": 0.00033137096198187745,
  "ae_train_val_err_std": 0.0014168366062869383
}