{
  "xgb_cv": {
    "accuracy": 0.7750621007806955,
    "precision_macro": 0.8290437791054168,
    "recall_macro": 0.5275665267865697,
    "f1_macro": 0.5516019390076892,
    "ap_micro": 0.8916830843488978,
    "roc_auc_micro": 0.9580462236044922
  },
  "xgb_final": {
    "accuracy": 0.7766589779985805,
    "precision_macro": 0.8225500427846942,
    "recall_macro": 0.5318036576327863,
    "f1_macro": 0.5534990286926751,
    "ap_micro": 0.8899586299296789,
    "roc_auc_micro": 0.956994782889834
  },
  "keras_cnn": {
    "accuracy": 0.8117459190915542,
    "precision_macro": 0.6483320728382915,
    "recall_macro": 0.6806290428961909,
    "f1_macro": 0.6113403153558907,
    "ap_micro": 0.8638979069006822,
    "roc_auc_micro": 0.950439638202901
  },
  "autoencoder_ae": {
    "accuracy": 0.6980127750177431,
    "precision_macro": 0.28207465588625374,
    "recall_macro": 0.35967654117367664,
    "f1_macro": 0.3150207236807992,
    "ap_micro": 0.6528594214163955,
    "roc_auc_micro": 0.8308640319289184
  },
  "ensemble_avg": {
    "accuracy": 0.7868168914123492,
    "precision_macro": 0.8263955293355758,
    "recall_macro": 0.5595723593414634,
    "f1_macro": 0.5890508517645842,
    "ap_micro": 0.8751363245718882,
    "roc_auc_micro": 0.9511512025977842
  }
}